index,Publishing Year,Book_average_rating,Book_ratings_count,gross sales,publisher revenue,sale price,sales rank,units sold,Popularitas_Buku
0,1975.0,3.42,155903,3161.19625,1802.9512499999998,4.88,1,7000.0,0
1,1987.0,4.23,145267,3161.19625,1802.9512499999998,1.99,2,6250.0,1
2,2015.0,3.31,138669,3161.19625,1802.9512499999998,8.69,3,5500.0,0
3,2008.0,4.04,150898,3161.19625,1802.9512499999998,7.5,3,5500.0,1
4,2011.0,4.04,198283,3161.19625,1802.9512499999998,7.99,4,4750.0,1
5,2015.0,4.08,83354,3161.19625,0.0,4.99,5,4000.0,1
6,2011.0,4.03,155977,3161.19625,1802.9512499999998,6.99,6,3933.0,1
7,1994.0,3.9,167997,3161.19625,1802.9512499999998,6.89,8,3800.0,1
8,2012.0,4.34,189938,3161.19625,1802.9512499999998,6.99,9,3733.0,1
9,1947.5,4.2,199872,3161.19625,1802.9512499999998,6.49,10,3666.0,1
10,2004.0,4.13,179415,3161.19625,0.0,4.99,11,3600.0,1
11,1954.0,3.9,189671,3161.19625,1802.9512499999998,5.99,11,3600.0,1
12,2010.0,4.42,206792,3161.19625,0.0,0.99,13,3466.0,1
13,1947.5,4.18,195424,3161.19625,1802.9512499999998,1.99,13,3466.0,1
14,1947.5,4.29,173469,3161.19625,1802.9512499999998,6.54,15,3333.0,1
15,1974.0,3.76,139411,3161.19625,0.0,4.99,16,3266.0,1
16,1947.5,3.8,159752,3161.19625,0.0,4.99,17,3200.0,1
17,2006.0,3.9,156328,3161.19625,0.0,4.99,17,3200.0,1
18,1948.0,4.28,160860,3161.19625,1802.9512499999998,1.99,18,3133.0,1
19,2006.0,4.17,133271,3035.34,0.0,0.99,19,3066.0,1
20,2013.0,3.74,138454,3161.19625,0.0,3.99,21,2933.0,1
21,2000.0,4.1,142092,3161.19625,0.0,2.99,22,2866.0,1
22,1991.0,3.87,153821,2772.0,0.0,0.99,23,2800.0,1
23,1993.0,4.38,157395,3161.19625,0.0,2.99,24,2733.0,1
24,1996.0,4.12,156869,2639.34,1583.604,0.99,25,2666.0,1
25,1981.0,3.65,158215,3161.19625,0.0,2.99,26,2600.0,1
26,1993.0,3.83,159249,3161.19625,1802.9512499999998,10.91,28,2466.0,1
27,2004.0,4.13,199572,2376.0,0.0,0.99,29,2400.0,1
28,1947.5,3.77,171599,3161.19625,1802.9512499999998,3.99,29,2400.0,1
29,1947.5,3.64,158877,3161.19625,0.0,3.99,30,2333.0,1
30,1961.0,4.22,178432,3161.19625,0.0,1.99,31,2266.0,1
31,2010.0,4.64,144822,2178.0,0.0,0.99,32,2200.0,1
32,2003.0,4.03,181323,3161.19625,1802.9512499999998,5.99,32,2200.0,1
33,2006.0,4.14,161001,2045.34,1227.204,0.99,34,2066.0,1
34,2007.0,4.35,150736,3161.19625,1802.9512499999998,8.99,35,2000.0,1
35,2015.0,3.7,99342,1964.16,0.0,0.99,36,1984.0,1
36,2011.0,4.07,140076,1964.16,1178.496,0.99,36,1984.0,1
37,1986.0,4.25,135979,1949.31,0.0,0.99,37,1969.0,1
38,2005.0,4.08,172302,1949.31,0.0,0.99,37,1969.0,1
39,1995.0,3.94,134849,3161.19625,1802.9512499999998,10.65,41,1907.0,1
40,2003.0,4.14,136427,1873.08,0.0,0.99,42,1892.0,1
41,2003.0,4.0,151500,3161.19625,0.0,3.99,43,1876.0,1
42,1998.0,3.52,113915,3161.19625,1802.9512499999998,1.99,44,1861.0,1
43,2000.0,4.0,134177,3161.19625,1802.9512499999998,5.99,45,1846.0,1
44,1999.0,3.83,148563,3161.19625,1802.9512499999998,6.99,46,1830.0,1
45,1947.5,3.76,151471,3161.19625,0.0,4.99,48,1800.0,1
46,1975.0,3.85,174280,3161.19625,1802.9512499999998,1.99,48,1800.0,1
47,1983.0,3.72,151160,1766.16,1059.696,0.99,49,1784.0,1
48,1960.0,4.16,174204,3161.19625,1802.9512499999998,5.99,50,1769.0,1
49,1950.0,3.83,164708,3161.19625,1802.9512499999998,8.59,51,1753.0,1
50,2013.0,4.3,193766,1720.62,1032.372,0.99,52,1738.0,1
51,1997.0,3.95,153764,1705.77,1023.462,0.99,53,1723.0,1
52,2011.0,4.16,190722,3161.19625,0.0,4.99,54,1707.0,1
53,2009.0,3.47,147908,1675.08,1005.048,0.99,55,1692.0,0
54,2004.0,4.42,139501,3161.19625,0.0,3.99,56,1676.0,1
55,2003.0,3.79,173613,3161.19625,1802.9512499999998,2.99,57,1661.0,1
56,2002.0,3.9,131492,1629.54,977.724,0.99,58,1646.0,1
57,1986.0,4.09,142168,3161.19625,1802.9512499999998,10.91,59,1630.0,1
58,2012.0,4.11,133937,1613.7,0.0,0.99,59,1630.0,1
59,1947.5,3.96,150512,3161.19625,1802.9512499999998,11.39,60,1615.0,1
60,2007.0,4.11,160607,3161.19625,1802.9512499999998,6.49,61,1600.0,1
61,1967.0,4.32,131389,3161.19625,0.0,3.99,62,1584.0,1
62,1968.0,3.99,155042,3161.19625,0.0,3.0,63,1569.0,1
63,2000.0,4.0,154476,1522.62,0.0,0.99,65,1538.0,1
64,1959.0,3.56,155901,3161.19625,0.0,3.89,66,1523.0,1
65,1995.0,3.91,137412,3161.19625,0.0,7.99,67,1507.0,1
66,1947.5,3.85,134931,3161.19625,1802.9512499999998,8.99,68,1492.0,1
67,1995.0,4.14,132777,2907.39,0.0,1.99,70,1461.0,1
68,1980.0,4.22,153838,3161.19625,1802.9512499999998,7.99,71,1446.0,1
69,2010.0,3.89,174393,3161.19625,0.0,3.99,72,1430.0,1
70,1947.5,4.17,162373,3161.19625,1802.9512499999998,6.99,73,1415.0,1
71,1953.0,3.95,170453,3161.19625,1802.9512499999998,3.79,75,1384.0,1
72,2008.0,4.46,143622,3161.19625,1802.9512499999998,4.21,75,1384.0,1
73,1993.0,3.9,145161,2724.31,1634.586,1.99,76,1369.0,1
74,2007.0,3.85,127096,3161.19625,1802.9512499999998,3.99,76,1369.0,1
75,1970.0,3.8,133728,3161.19625,0.0,4.99,77,1353.0,1
76,2014.0,4.48,177796,3161.19625,0.0,4.99,78,1338.0,1
77,1986.0,4.34,159703,1309.77,785.862,0.99,79,1323.0,1
78,2006.0,3.64,144591,3161.19625,1802.9512499999998,4.54,80,1307.0,1
79,2013.0,4.32,113565,3161.19625,1802.9512499999998,6.49,80,1307.0,1
80,1977.0,3.87,134106,3161.19625,1802.9512499999998,4.99,81,1292.0,1
81,1987.0,4.23,139052,2539.24,1523.544,1.99,82,1276.0,1
82,2008.0,4.12,138377,3161.19625,0.0,3.99,85,1230.0,1
83,1947.5,3.98,131856,1202.85,0.0,0.99,86,1215.0,1
84,2002.0,4.03,151829,2417.85,1450.71,1.99,86,1215.0,1
85,2000.0,3.97,128406,1188.0,0.0,0.99,87,1200.0,1
86,2010.0,3.7,127186,2388.0,0.0,1.99,87,1200.0,1
87,1947.5,4.09,154517,2356.16,1413.696,1.99,88,1184.0,1
88,2011.0,4.08,136950,1157.31,694.386,0.99,89,1169.0,1
89,1982.0,4.12,157736,1157.31,694.386,0.99,89,1169.0,1
90,1970.0,3.89,151789,1111.77,0.0,0.99,92,1123.0,1
91,2002.0,3.82,129807,3161.19625,1802.9512499999998,4.99,92,1123.0,1
92,2014.0,3.92,125847,2202.93,1321.758,1.99,93,1107.0,1
93,2007.0,4.05,162689,3161.19625,1802.9512499999998,6.49,95,1076.0,1
94,1997.0,3.97,133155,3161.19625,1802.9512499999998,6.49,96,1061.0,1
95,1985.0,4.29,168001,1035.54,621.324,0.99,97,1046.0,1
96,1989.0,4.29,141945,1019.7,0.0,0.99,98,1030.0,1
97,1987.0,4.11,141674,3161.19625,0.0,5.99,99,1015.0,1
98,1998.0,3.69,111856,3161.19625,1802.9512499999998,6.83,99,1015.0,1
99,2013.0,3.94,135635,985.05,0.0,0.99,101,995.0,1
100,2005.0,4.01,169560,3161.19625,1802.9512499999998,5.12,102,990.0,1
101,2011.0,4.01,176433,2195.2,1317.12,2.24,104,980.0,1
102,1959.0,3.99,136886,3161.19625,1802.9512499999998,7.5,105,975.0,1
103,2011.0,3.93,144533,960.3,0.0,0.99,106,970.0,1
104,1991.0,3.88,109692,3161.19625,1802.9512499999998,10.65,108,960.0,1
105,2011.0,4.3,188136,3161.19625,1802.9512499999998,7.99,108,960.0,1
106,1950.0,4.12,143236,1880.55,0.0,1.99,111,945.0,1
107,2010.0,3.64,120126,3161.19625,1802.9512499999998,4.99,112,940.0,1
108,1947.5,3.97,144497,3161.19625,1802.9512499999998,3.99,113,935.0,1
109,2002.0,3.72,131352,1850.7,0.0,1.99,114,930.0,1
110,1956.0,4.02,158701,3161.19625,1802.9512499999998,6.5,116,920.0,1
111,2007.0,4.23,128715,905.85,543.51,0.99,117,915.0,1
112,2008.0,3.9,180961,3161.19625,1802.9512499999998,8.48,117,915.0,1
113,2012.0,4.29,153882,900.9,0.0,0.99,118,910.0,1
114,2007.0,3.84,150003,895.95,537.57,0.99,119,905.0,1
115,1947.5,3.48,148480,891.0,0.0,0.99,120,900.0,0
116,2006.0,3.71,124371,3161.19625,1802.9512499999998,6.49,120,900.0,1
117,2011.0,4.08,146905,3161.19625,1802.9512499999998,11.99,121,895.0,1
118,2009.0,3.89,125195,2661.1,0.0,2.99,122,890.0,1
119,1947.5,3.83,137858,1771.1,1062.66,1.99,122,890.0,1
120,1947.5,3.97,141110,3161.19625,0.0,3.99,123,885.0,1
121,2006.0,4.02,163054,3161.19625,1802.9512499999998,7.5,126,870.0,1
122,1995.0,4.08,98738,3161.19625,0.0,3.99,127,865.0,1
123,2010.0,3.73,119213,3161.19625,1802.9512499999998,7.99,128,860.0,1
124,2011.0,3.52,100886,841.5,504.9,0.99,130,850.0,1
125,2006.0,3.82,150222,3161.19625,1802.9512499999998,11.99,131,845.0,1
126,2008.0,3.71,114531,3161.19625,1802.9512499999998,7.99,132,840.0,1
127,2001.0,3.78,117657,816.75,0.0,0.99,135,825.0,1
128,1995.0,3.81,128961,1641.75,985.05,1.99,135,825.0,1
129,1980.0,3.55,129811,3161.19625,1802.9512499999998,6.99,137,815.0,1
130,1972.0,4.22,146073,2421.9,0.0,2.99,138,810.0,1
131,1999.0,4.12,110651,3161.19625,1802.9512499999998,10.65,139,805.0,1
132,1980.0,4.07,137372,3161.19625,0.0,3.99,140,800.0,1
133,1958.0,3.89,129778,792.0,475.2,0.99,140,800.0,1
134,2010.0,4.04,126993,3161.19625,0.0,3.99,141,795.0,1
135,2005.0,4.0,137639,1572.1,943.26,1.99,142,790.0,1
136,2009.0,4.08,151721,3161.19625,1802.9512499999998,11.99,143,785.0,1
137,2014.0,3.78,108703,3112.2,0.0,3.99,144,780.0,1
138,1982.0,4.2,119930,3161.19625,1802.9512499999998,10.67,145,775.0,1
139,1979.0,3.9,132723,1512.4,907.44,1.99,148,760.0,1
140,1947.5,3.98,135514,3012.45,0.0,3.99,149,755.0,1
141,1947.5,4.16,138444,3161.19625,0.0,4.99,150,750.0,1
142,2013.0,4.26,113252,2992.5,0.0,3.99,150,750.0,1
143,2001.0,4.16,121398,3161.19625,1802.9512499999998,4.99,151,745.0,1
144,1980.0,3.85,142213,2952.6,1771.56,3.99,152,740.0,1
145,2013.0,4.19,141641,727.65,0.0,0.99,153,735.0,1
146,2009.0,4.27,109642,3161.19625,0.0,4.99,154,730.0,1
147,2014.0,3.98,115393,3161.19625,1802.9512499999998,7.51,155,725.0,1
148,1947.5,4.22,156726,712.8,0.0,0.99,156,720.0,1
149,1947.5,4.17,87445,702.9,0.0,0.99,158,710.0,1
150,1947.5,4.16,165127,697.95,418.77,0.99,159,705.0,1
151,2004.0,3.8,133683,3161.19625,1802.9512499999998,7.99,160,700.0,1
152,2001.0,4.02,116800,1353.2,811.92,1.99,164,680.0,1
153,2013.0,4.54,159774,668.25,400.95,0.99,165,675.0,1
154,2008.0,3.85,144606,3161.19625,1802.9512499999998,5.49,166,670.0,1
155,2003.0,3.98,118045,658.35,395.01,0.99,167,665.0,1
156,2005.0,4.06,130293,3161.19625,1802.9512499999998,11.84,168,660.0,1
157,2003.0,3.98,112167,648.45,0.0,0.99,169,655.0,1
158,2012.0,3.67,116053,3161.19625,1802.9512499999998,14.99,169,655.0,1
159,2006.0,3.69,110873,3161.19625,0.0,4.99,170,650.0,1
160,1999.0,4.31,131481,1943.5,0.0,2.99,170,650.0,1
161,2008.0,4.04,121966,3161.19625,0.0,4.99,171,645.0,1
162,1987.0,3.77,128244,3161.19625,1802.9512499999998,6.99,172,640.0,1
163,2008.0,3.7,124812,3161.19625,1802.9512499999998,8.99,174,630.0,1
164,2014.0,4.03,120008,608.85,0.0,0.99,177,615.0,1
165,1985.0,4.05,141299,603.9,362.34,0.99,178,610.0,1
166,2011.0,3.85,124837,1210.0,0.0,2.0,179,605.0,1
167,2008.0,4.0,110939,594.0,0.0,0.99,180,600.0,1
168,1947.5,3.86,121112,3161.19625,0.0,5.95,181,595.0,1
169,2005.0,3.88,124786,3161.19625,1802.9512499999998,5.99,181,595.0,1
170,1947.5,3.78,136327,1174.1,704.46,1.99,182,590.0,1
171,2009.0,3.81,92275,3161.19625,1802.9512499999998,8.89,183,585.0,1
172,1998.0,3.87,131004,569.25,0.0,0.99,185,575.0,1
173,1985.0,4.1,124876,1134.3,0.0,1.99,186,570.0,1
174,1984.0,3.66,130219,1659.45,0.0,2.99,189,555.0,1
175,1947.5,3.9,117108,3161.19625,1802.9512499999998,7.99,189,555.0,1
176,1994.0,3.95,129350,544.5,326.7,0.99,190,550.0,1
177,2003.0,3.69,102206,534.6,0.0,0.99,192,540.0,1
178,1953.0,4.19,105138,2154.6,0.0,3.99,192,540.0,1
179,2005.0,3.67,121373,1599.65,959.79,2.99,193,535.0,1
180,2007.0,4.18,143892,524.7,314.82,0.99,194,530.0,1
181,1996.0,4.34,123736,1024.85,614.91,1.99,197,515.0,1
182,2013.0,4.29,149702,1524.9,0.0,2.99,198,510.0,1
183,1947.5,3.89,135448,2014.95,1208.97,3.99,199,505.0,1
184,1949.0,3.49,132061,3161.19625,1802.9512499999998,10.91,201,498.0,0
185,2007.0,3.99,93479,1483.04,0.0,2.99,202,496.0,1
186,2012.0,4.51,119915,2950.91,1770.546,6.01,205,491.0,1
187,1947.5,3.86,124665,2445.1,1467.06,4.99,206,490.0,1
188,2005.0,4.02,106211,483.12,289.872,0.99,207,488.0,1
189,2002.0,4.21,120004,2605.92,1563.552,5.34,207,488.0,1
190,2013.0,4.17,118910,3161.19625,1802.9512499999998,10.91,210,483.0,1
191,1992.0,4.21,122524,2057.58,1234.548,4.26,210,483.0,1
192,2003.0,4.26,95213,476.19,0.0,0.99,211,481.0,1
193,2008.0,4.01,151095,475.2,285.12,0.99,212,480.0,1
194,1991.0,4.24,117483,1429.22,0.0,2.99,213,478.0,1
195,1997.0,4.18,120541,3161.19625,1802.9512499999998,10.99,213,478.0,1
196,1995.0,3.73,119911,1423.24,0.0,2.99,214,476.0,1
197,1967.0,4.19,125668,2375.24,1425.144,4.99,214,476.0,1
198,1989.0,4.21,122225,470.25,0.0,0.99,215,475.0,1
199,1947.5,3.41,133264,470.25,282.15,0.99,215,475.0,0
200,1971.0,4.14,124467,1399.32,0.0,2.99,219,468.0,1
201,2009.0,3.51,145874,461.34,0.0,0.99,220,466.0,1
202,1994.0,3.8,131945,1393.34,0.0,2.99,220,466.0,1
203,1976.0,4.42,118951,460.35,276.21,0.99,221,465.0,1
204,1988.0,4.36,113855,455.4,273.24,0.99,224,460.0,1
205,1952.0,3.84,123073,455.4,0.0,0.99,224,460.0,1
206,2007.0,4.14,116260,3161.19625,0.0,7.99,226,456.0,1
207,1971.0,4.13,135978,1815.45,1089.27,3.99,227,455.0,1
208,1982.0,4.34,105961,3161.19625,1802.9512499999998,10.99,227,455.0,1
209,1953.0,4.33,124320,3161.19625,1802.9512499999998,11.47,228,453.0,1
210,1998.0,3.29,113977,448.47,0.0,0.99,228,453.0,0
211,2012.0,4.24,81982,2250.49,1350.294,4.99,229,451.0,1
212,2002.0,4.26,118576,3161.19625,1802.9512499999998,10.65,230,450.0,1
213,1997.0,4.1,104549,3161.19625,1802.9512499999998,10.65,231,448.0,1
214,2012.0,3.9,118475,443.52,266.112,0.99,231,448.0,1
215,2006.0,4.3,118751,1324.57,794.742,2.99,234,443.0,1
216,1995.0,4.17,137047,3161.19625,1802.9512499999998,19.98,235,441.0,1
217,2009.0,4.01,145157,2175.64,1305.384,4.99,238,436.0,1
218,2013.0,4.26,109313,430.65,0.0,0.99,239,435.0,1
219,2011.0,4.23,164832,3161.19625,1802.9512499999998,11.99,240,433.0,1
220,1982.0,4.19,131562,2593.67,1556.202,5.99,240,433.0,1
221,2013.0,4.49,160485,426.69,256.014,0.99,241,431.0,1
222,2004.0,4.18,126864,425.7,255.42,0.99,242,430.0,1
223,2008.0,4.05,110597,3161.19625,1802.9512499999998,11.99,244,426.0,1
224,1987.0,4.22,128450,3161.19625,1802.9512499999998,8.97,244,426.0,1
225,2010.0,3.92,158063,420.75,252.45,0.99,245,425.0,1
226,1985.0,4.47,111498,1687.77,0.0,3.99,246,423.0,1
227,2003.0,4.05,122502,3161.19625,1802.9512499999998,10.65,248,420.0,1
228,2011.0,4.22,140599,413.82,248.292,0.99,249,418.0,1
229,1998.0,4.3,115521,411.84,0.0,0.99,250,416.0,1
230,2009.0,3.82,119105,2070.85,1242.51,4.99,251,415.0,1
231,1982.0,4.34,108338,2537.9,1522.74,6.19,254,410.0,1
232,1970.0,3.99,109944,1219.92,0.0,2.99,255,408.0,1
233,2009.0,3.9,119739,1685.04,1011.024,4.13,255,408.0,1
234,1965.0,4.29,124805,2025.94,1215.564,4.99,256,406.0,1
235,1989.0,4.3,122540,2251.8,1351.08,5.56,257,405.0,1
236,1999.0,4.2,111497,1007.5,604.5,2.5,258,403.0,1
237,2003.0,4.07,113718,3161.19625,1802.9512499999998,10.65,259,401.0,1
238,1947.5,4.5,109754,3161.19625,1802.9512499999998,7.99,261,398.0,1
239,1947.5,3.65,119933,392.04,235.224,0.99,262,396.0,1
240,2011.0,3.81,110481,392.04,235.224,0.99,262,396.0,1
241,1947.5,3.9,110274,387.09,232.254,0.99,265,391.0,1
242,1947.5,3.81,126318,2726.1,1635.66,6.99,266,390.0,1
243,2014.0,4.46,162069,1154.14,692.484,2.99,268,386.0,1
244,2010.0,4.14,106542,766.15,459.69,1.99,269,385.0,1
245,1997.0,3.79,102746,3060.17,1802.9512499999998,7.99,270,383.0,1
246,2001.0,3.62,101436,758.19,0.0,1.99,271,381.0,1
247,1947.5,3.97,119851,3013.71,1802.9512499999998,7.91,271,381.0,1
248,1996.0,4.34,99252,1136.2,681.72,2.99,272,380.0,1
249,1987.0,4.61,117788,1886.22,1131.732,4.99,273,378.0,1
250,2006.0,3.77,139168,1124.24,674.544,2.99,274,376.0,1
251,1947.5,3.63,125474,371.25,0.0,0.99,275,375.0,1
252,2009.0,3.93,138103,1871.25,1122.75,4.99,275,375.0,1
253,2006.0,4.09,102193,1488.27,0.0,3.99,276,373.0,1
254,1989.0,4.08,105317,1115.27,669.162,2.99,276,373.0,1
255,1996.0,4.33,111779,366.3,0.0,0.99,278,370.0,1
256,2010.0,3.98,102560,2775.0,1665.0,7.5,278,370.0,1
257,1993.0,4.07,59453,1100.32,660.192,2.99,279,368.0,1
258,1952.0,4.2,105595,1094.34,0.0,2.99,280,366.0,1
259,1997.0,4.12,97016,3161.19625,1802.9512499999998,11.99,280,366.0,1
260,2010.0,4.01,111239,3161.19625,1802.9512499999998,11.19,281,365.0,1
261,1947.5,4.31,116324,1811.37,0.0,4.99,282,363.0,1
262,1967.0,4.15,134537,1085.37,651.222,2.99,282,363.0,1
263,2013.0,4.1,95276,357.39,214.434,0.99,283,361.0,1
264,1998.0,3.79,101999,1079.39,647.634,2.99,283,361.0,1
265,2012.0,4.24,136761,3161.19625,1802.9512499999998,10.91,285,358.0,1
266,2008.0,4.15,106351,1064.44,638.664,2.99,286,356.0,1
267,1960.0,4.12,117582,706.45,423.87,1.99,287,355.0,1
268,1987.0,4.16,109595,1049.49,0.0,2.99,289,351.0,1
269,1947.5,4.07,107313,347.49,208.494,0.99,289,351.0,1
270,2009.0,3.88,98645,346.5,0.0,0.99,290,350.0,1
271,2010.0,3.7,106336,344.52,0.0,0.99,291,348.0,1
272,1999.0,4.23,118467,1031.55,618.93,2.99,293,345.0,1
273,1947.5,3.8,125178,1025.57,0.0,2.99,294,343.0,1
274,2010.0,3.98,120763,1019.59,0.0,2.99,295,341.0,1
275,1997.0,4.24,105026,1019.59,611.754,2.99,295,341.0,1
276,2013.0,3.46,109412,3161.19625,1802.9512499999998,11.39,296,340.0,0
277,2007.0,4.23,132159,1686.62,0.0,4.99,297,338.0,1
278,1947.5,4.16,108124,1676.64,0.0,4.99,298,336.0,1
279,2003.0,4.36,113881,666.65,399.99,1.99,299,335.0,1
280,2014.0,3.81,100936,2620.72,1572.432,7.99,303,328.0,1
281,2012.0,4.21,138871,2875.32,1725.192,8.82,304,326.0,1
282,2014.0,3.55,113805,1300.74,0.0,3.99,304,326.0,1
283,2008.0,3.96,127387,2759.25,1655.55,8.49,305,325.0,1
284,2005.0,4.12,100513,1611.77,967.062,4.99,306,323.0,1
285,2009.0,3.85,102936,2468.49,1481.094,7.69,307,321.0,1
286,1986.0,4.3,123945,950.82,0.0,2.99,309,318.0,1
287,2001.0,3.59,115855,1576.84,0.0,4.99,310,316.0,1
288,1947.5,3.79,108062,2044.35,1226.61,6.49,311,315.0,1
289,1989.0,4.1,105892,1874.87,1124.922,5.99,312,313.0,1
290,2010.0,3.91,103915,307.89,184.734,0.99,313,311.0,1
291,2011.0,3.7,94968,306.9,0.0,0.99,314,310.0,1
292,1982.0,3.82,116026,616.9,370.14,1.99,314,310.0,1
293,1947.5,3.67,119496,2460.92,1476.552,7.99,315,308.0,1
294,2009.0,3.87,106729,2152.92,1291.752,6.99,315,308.0,1
295,1947.5,3.98,124612,3161.19625,1802.9512499999998,33.86,317,305.0,1
296,2014.0,4.11,136938,598.99,0.0,1.99,319,301.0,1
297,2000.0,4.23,117103,1487.02,892.212,4.99,321,298.0,1
298,1947.5,3.91,109994,891.02,0.0,2.99,321,298.0,1
299,2010.0,3.86,136736,1181.04,0.0,3.99,322,296.0,1
300,2008.0,4.01,120475,885.04,531.024,2.99,322,296.0,1
301,1995.0,4.13,78028,1772.95,1063.77,6.01,323,295.0,1
302,1994.0,3.76,102715,292.05,0.0,0.99,323,295.0,1
303,2008.0,4.03,138118,290.07,0.0,0.99,324,293.0,1
304,1999.0,4.35,104633,288.09,172.854,0.99,325,291.0,1
305,2012.0,3.89,94012,3161.19625,1802.9512499999998,12.74,326,290.0,1
306,2012.0,3.99,121863,1149.12,689.472,3.99,327,288.0,1
307,1991.0,3.77,104467,1707.15,1024.29,5.99,329,285.0,1
308,1947.5,3.78,115621,427.5,0.0,1.5,329,285.0,1
309,1975.0,4.37,104339,2071.56,1242.936,7.32,330,283.0,1
310,2006.0,4.45,134249,1412.17,847.302,4.99,330,283.0,1
311,2015.0,4.29,167848,3161.19625,1802.9512499999998,12.99,331,281.0,1
312,2012.0,4.13,76876,1387.22,0.0,4.99,333,278.0,1
313,1989.0,4.21,105192,1097.25,658.35,3.99,335,275.0,1
314,2009.0,4.19,98628,2618.07,1570.842,9.59,336,273.0,1
315,1950.0,4.26,116197,267.3,0.0,0.99,338,270.0,1
316,1996.0,3.84,102733,267.3,0.0,0.99,338,270.0,1
317,2001.0,3.98,99926,263.34,0.0,0.99,340,266.0,1
318,1999.0,3.74,112733,997.5,0.0,3.75,340,266.0,1
319,2012.0,3.75,110552,1719.85,1031.91,6.49,341,265.0,1
320,1979.0,3.79,109063,1877.82,1126.692,7.14,342,263.0,1
321,2016.0,4.32,116771,1041.39,0.0,3.99,343,261.0,1
322,1990.0,3.86,99831,777.4,0.0,2.99,344,260.0,1
323,1999.0,4.0,54937,771.42,462.852,2.99,345,258.0,1
324,1947.5,3.97,119607,1527.45,916.47,5.99,347,255.0,1
325,2000.0,3.8,114917,997.5,0.0,3.99,350,250.0,1
326,1978.0,4.03,117108,997.5,598.5,3.99,350,250.0,1
327,2014.0,4.26,104939,246.51,147.906,0.99,351,249.0,1
328,2008.0,4.15,109236,744.51,446.706,2.99,351,249.0,1
329,1988.0,3.94,105032,1635.93,981.558,6.57,352,249.0,1
330,2013.0,4.23,134022,3161.19625,0.0,12.99,353,248.0,1
331,2014.0,4.77,73572,741.52,444.912,2.99,354,248.0,1
332,1988.0,4.36,104690,738.53,0.0,2.99,355,247.0,1
333,2001.0,4.26,103552,1141.14,684.684,4.62,356,247.0,1
334,1978.0,3.96,104248,244.53,146.718,0.99,356,247.0,1
335,1974.0,3.96,102574,1227.54,736.524,4.99,357,246.0,1
336,2005.0,3.91,98379,977.55,0.0,3.99,359,245.0,1
337,1947.5,4.11,123065,977.55,586.53,3.99,360,245.0,1
338,2006.0,3.73,101669,1698.57,1019.142,6.99,363,243.0,1
339,2005.0,4.3,102923,726.57,435.942,2.99,364,243.0,1
340,2010.0,3.88,127379,1494.45,896.67,6.15,364,243.0,1
341,1947.5,3.97,95803,965.58,0.0,3.99,366,242.0,1
342,1999.0,3.95,130213,1202.59,721.554,4.99,367,241.0,1
343,2012.0,4.0,92849,2566.65,1539.99,10.65,368,241.0,1
344,2007.0,3.69,131034,1197.6,718.56,4.99,370,240.0,1
345,1947.5,4.13,105473,236.61,141.966,0.99,371,239.0,1
346,1979.0,4.17,109110,953.61,0.0,3.99,372,239.0,1
347,1998.0,4.12,98276,1544.62,926.772,6.49,373,238.0,1
348,1947.5,3.72,97468,1419.63,851.778,5.99,375,237.0,1
349,2008.0,4.03,132285,471.63,0.0,1.99,376,237.0,1
350,1985.0,4.04,102419,1182.63,709.578,4.99,376,237.0,1
351,1978.0,4.16,93475,708.63,0.0,2.99,376,237.0,1
352,2000.0,3.95,98464,1885.64,1131.384,7.99,378,236.0,1
353,2014.0,4.07,73149,1642.65,985.59,6.99,380,235.0,1
354,1999.0,3.83,55381,933.66,560.196,3.99,381,234.0,1
355,2014.0,3.93,99729,463.67,278.202,1.99,383,233.0,1
356,1947.5,3.72,103547,461.68,277.008,1.99,385,6264.0,1
357,1955.0,4.24,107221,925.68,0.0,3.99,385,6264.0,1
358,2006.0,4.35,137558,2460.15,1476.09,10.65,387,6237.0,1
359,1953.0,4.23,96865,690.69,414.414,2.99,388,6237.0,1
360,2001.0,4.04,111371,687.7,412.62,2.99,389,6210.0,1
361,2011.0,3.9,90083,2509.3,1505.58,10.91,389,6210.0,1
362,2002.0,4.49,93990,226.71,0.0,0.99,391,6183.0,1
363,1989.0,4.32,108652,1142.71,0.0,4.99,392,6183.0,1
364,2005.0,3.86,94590,909.72,0.0,3.99,393,6156.0,1
365,2003.0,4.07,101343,3161.19625,1802.9512499999998,25.89,393,6156.0,1
366,1973.0,4.06,93151,1468.69,881.214,6.47,395,6129.0,1
367,1988.0,3.86,110693,223.74,134.244,0.99,397,6102.0,1
368,1947.5,3.93,102646,1188.76,713.256,5.26,398,6102.0,1
369,1976.0,4.11,96564,897.75,538.65,3.99,400,6075.0,1
370,2001.0,4.0,104283,221.76,0.0,0.99,401,6048.0,1
371,1992.0,4.08,98591,1274.56,764.736,5.69,401,6048.0,1
372,1947.5,3.62,95620,1112.77,0.0,4.99,403,6021.0,1
373,2011.0,4.02,119633,1781.77,1069.062,7.99,404,6021.0,1
374,1978.0,4.15,104677,1662.78,997.668,7.49,406,5994.0,1
375,2010.0,3.87,97745,660.79,396.474,2.99,408,5967.0,1
376,2009.0,4.1,103933,437.8,262.68,1.99,409,5940.0,1
377,2006.0,3.48,99170,3161.19625,1802.9512499999998,17.98,409,5940.0,0
378,2011.0,4.2,116360,2067.36,1240.416,9.44,411,5913.0,1
379,2005.0,4.23,97653,1311.81,787.086,5.99,412,5913.0,1
380,1992.0,3.47,100158,433.82,260.292,1.99,413,5886.0,0
381,1996.0,4.11,116171,2177.82,1306.692,9.99,414,5886.0,1
382,1947.5,4.14,102348,1864.03,1118.418,8.59,415,5859.0,1
383,1974.0,4.15,87636,214.83,128.898,0.99,416,5859.0,1
384,1994.0,3.79,100972,2311.05,1386.63,10.65,416,5859.0,1
385,2003.0,3.57,94696,1072.85,0.0,4.99,419,5805.0,1
386,2006.0,4.14,97501,1717.85,1030.71,7.99,419,5805.0,1
387,2002.0,3.94,108031,642.85,385.71,2.99,420,5805.0,1
388,1993.0,3.83,103151,1281.86,0.0,5.99,421,5778.0,1
389,2011.0,3.77,105063,849.87,509.922,3.99,423,5751.0,1
390,2015.0,4.19,132087,423.87,254.322,1.99,423,5751.0,1
391,1997.0,3.86,100369,1062.87,637.722,4.99,424,5751.0,1
392,2007.0,3.84,58396,1693.88,1016.328,7.99,425,5724.0,1
393,2011.0,3.42,90551,1080.32,648.192,5.12,427,5697.0,0
394,1998.0,3.89,89770,630.89,0.0,2.99,428,5697.0,1
395,2015.0,3.48,82504,2007.6,1204.56,9.56,430,5670.0,0
396,2004.0,4.16,104168,833.91,0.0,3.99,431,5643.0,1
397,2012.0,4.05,121727,206.91,124.146,0.99,432,5643.0,1
398,1954.0,3.99,98795,621.92,0.0,2.99,433,5616.0,1
399,2008.0,3.78,85019,205.92,0.0,0.99,433,5616.0,1
400,2014.0,3.33,88251,1245.92,747.552,5.99,434,5616.0,0
401,2001.0,4.04,85277,1032.93,0.0,4.99,436,5589.0,1
402,2009.0,4.12,98180,2457.95,1474.77,11.99,439,5535.0,1
403,1952.0,3.81,98950,1621.97,973.182,7.99,444,5481.0,1
404,1947.5,3.94,100223,1703.17,1021.902,8.39,444,5481.0,1
405,2003.0,4.17,98182,603.98,0.0,2.99,445,5454.0,1
406,2000.0,4.25,88227,603.98,0.0,2.99,445,5454.0,1
407,2012.0,4.26,117508,600.99,360.594,2.99,447,5427.0,1
408,2013.0,3.82,86965,198.99,119.394,0.99,447,5427.0,1
409,2014.0,3.94,87412,399.99,239.994,1.99,448,5427.0,1
410,1998.0,3.91,97462,500.0,300.0,2.5,449,5400.0,1
411,2012.0,4.1,134805,1898.0,0.0,9.49,450,5400.0,1
412,1997.0,3.95,82591,595.01,0.0,2.99,452,5373.0,1
413,1996.0,3.8,94821,196.02,117.612,0.99,453,5346.0,1
414,2011.0,3.89,119735,790.02,0.0,3.99,454,5346.0,1
415,2012.0,3.69,96568,1059.86,635.916,5.38,455,5319.0,1
416,2011.0,4.19,73886,194.04,0.0,0.99,457,5292.0,1
417,2001.0,3.91,90811,586.04,0.0,2.99,458,5292.0,1
418,1993.0,4.13,93227,1480.05,888.03,7.59,459,5265.0,1
419,2014.0,4.14,140937,583.05,349.83,2.99,460,5265.0,1
420,1999.0,3.93,49551,192.06,115.236,0.99,462,5238.0,1
421,2007.0,3.77,98130,191.07,0.0,0.99,463,5211.0,1
422,2004.0,4.27,93296,770.07,0.0,3.99,463,5211.0,1
423,2009.0,4.2,88847,1726.08,1035.648,8.99,465,5184.0,1
424,2001.0,3.75,93498,1468.79,881.274,7.69,468,5157.0,1
425,1984.0,4.29,91625,948.1,0.0,4.99,470,5130.0,1
426,2010.0,3.91,125363,376.11,0.0,1.99,471,5103.0,1
427,1947.5,4.42,92142,1510.11,906.066,7.99,472,5103.0,1
428,1947.5,3.6,92569,565.11,339.066,2.99,472,5103.0,1
429,2009.0,4.34,94095,750.12,0.0,3.99,473,5076.0,1
430,1947.5,3.93,95995,186.12,0.0,0.99,474,5076.0,1
431,2012.0,4.3,109344,185.13,0.0,0.99,475,5049.0,1
432,1997.0,3.89,86870,746.13,0.0,3.99,476,5049.0,1
433,1973.0,4.59,90907,184.14,110.484,0.99,477,5022.0,1
434,2009.0,4.12,90483,1114.14,668.484,5.99,478,5022.0,1
435,1986.0,4.1,91774,553.15,331.89,2.99,479,4995.0,1
436,1989.0,3.74,94624,550.16,330.096,2.99,482,4968.0,1
437,2006.0,3.62,73994,181.17,0.0,0.99,483,4941.0,1
438,2005.0,3.66,78271,544.18,326.508,2.99,485,4914.0,1
439,2013.0,4.16,76261,1243.06,745.836,6.83,486,4914.0,1
440,1995.0,4.15,95421,903.19,0.0,4.99,488,4887.0,1
441,1947.5,3.84,89410,1726.2,1035.72,9.59,489,4860.0,1
442,2009.0,3.57,94456,177.21,106.326,0.99,491,4833.0,1
443,1962.0,3.66,84180,2280.46,1368.276,12.74,492,4833.0,1
444,1974.0,4.0,92158,176.22,0.0,0.99,493,4806.0,1
445,,4.44,90574,532.22,319.332,2.99,493,4806.0,1
446,1947.5,3.99,87511,354.22,212.532,1.99,493,4806.0,1
447,2012.0,4.04,97925,1242.44,745.464,6.98,494,4806.0,1
448,2014.0,3.94,76553,175.23,105.138,0.99,495,4779.0,1
449,2006.0,4.18,129150,350.24,0.0,1.99,497,4752.0,1
450,2006.0,3.68,116687,702.24,421.344,3.99,497,4752.0,1
451,1994.0,4.05,96981,1230.24,738.144,6.99,498,4752.0,1
452,2015.0,4.4,74218,523.25,0.0,2.99,499,4725.0,1
453,1947.5,3.8,96316,868.26,0.0,4.99,502,4698.0,1
454,2009.0,4.26,37090,1216.26,729.756,6.99,502,4698.0,1
455,1999.0,3.56,95768,1346.76,808.056,7.74,503,4698.0,1
456,2011.0,4.36,104579,1842.45,1105.47,10.65,505,4671.0,1
457,2010.0,4.42,91383,344.27,206.562,1.99,505,4671.0,1
458,1971.0,4.25,85883,171.27,0.0,0.99,508,4671.0,1
459,2010.0,3.93,88626,517.27,310.362,2.99,509,4671.0,1
460,2011.0,3.95,105414,170.28,102.168,0.99,511,4644.0,1
461,2005.0,3.88,89204,1632.28,979.368,9.49,513,4644.0,1
462,2012.0,4.04,85582,340.29,0.0,1.99,514,4617.0,1
463,1972.0,4.31,64779,1024.29,0.0,5.99,514,4617.0,1
464,2011.0,4.09,83847,1879.29,1127.574,10.99,516,4617.0,1
465,1997.0,4.14,113400,1109.79,665.874,6.49,517,4617.0,1
466,1947.5,4.06,93217,648.09,388.854,3.79,517,4617.0,1
467,1971.0,4.45,102184,340.29,0.0,1.99,518,4617.0,1
468,1972.0,4.09,106435,508.3,304.98,2.99,519,4590.0,1
469,2012.0,4.05,135225,678.3,0.0,3.99,519,4590.0,1
470,2009.0,3.22,74979,848.3,0.0,4.99,520,4590.0,0
471,2013.0,4.37,114623,1688.31,1012.986,9.99,523,4563.0,1
472,1985.0,4.11,90917,1350.31,810.186,7.99,524,4563.0,1
473,2011.0,4.0,108370,674.31,404.586,3.99,524,4563.0,1
474,1999.0,3.75,82474,167.31,100.386,0.99,524,4563.0,1
475,2012.0,3.97,61422,2153.06,1291.836,12.74,525,4563.0,1
476,2004.0,3.79,83607,1294.54,776.724,7.66,526,4563.0,1
477,2011.0,4.17,97938,1843.79,1106.274,10.91,526,4563.0,1
478,2013.0,3.54,76566,1342.32,805.392,7.99,528,4536.0,1
479,1988.0,4.65,93001,166.32,0.0,0.99,530,4536.0,1
480,2008.0,4.0,95796,1291.92,775.152,7.69,531,4536.0,1
481,2012.0,4.13,89460,332.33,199.398,1.99,532,4509.0,1
482,1953.0,4.14,93640,165.33,0.0,0.99,534,4509.0,1
483,1984.0,4.08,93774,1985.63,1191.378,11.89,535,4509.0,1
484,1947.5,4.11,80769,833.33,499.998,4.99,535,4509.0,1
485,2001.0,4.1,89468,1835.33,1101.198,10.99,536,4509.0,1
486,2012.0,3.95,80991,1152.04,691.224,6.94,537,4482.0,1
487,1996.0,4.21,82608,164.34,0.0,0.99,538,4482.0,1
488,1953.0,4.09,87141,1226.74,0.0,7.39,539,4482.0,1
489,2004.0,4.0,113066,1153.35,692.01,6.99,541,4455.0,1
490,2007.0,4.03,83881,823.35,494.01,4.99,542,4455.0,1
491,2014.0,4.53,123843,163.35,98.01,0.99,543,4455.0,1
492,1994.0,4.1,91046,823.35,494.01,4.99,544,4455.0,1
493,2009.0,3.81,99841,1757.25,1054.35,10.65,545,4455.0,1
494,2003.0,3.92,82090,162.36,0.0,0.99,546,4428.0,1
495,2005.0,4.43,87098,1746.6,1047.96,10.65,547,4428.0,1
496,2014.0,4.41,110719,162.36,97.416,0.99,549,4428.0,1
497,2016.0,3.55,90477,162.36,0.0,0.99,549,4428.0,1
498,2012.0,4.25,131906,162.36,97.416,0.99,550,4428.0,1
499,2011.0,3.99,81712,324.37,194.622,1.99,551,4401.0,1
500,1964.0,4.04,69992,813.37,488.022,4.99,551,4401.0,1
501,2006.0,4.08,99390,1470.26,882.156,9.02,553,4401.0,1
502,2000.0,3.91,118624,161.37,96.822,0.99,554,4401.0,1
503,2001.0,4.18,97736,322.38,193.428,1.99,557,4374.0,1
504,2007.0,4.08,71156,322.38,193.428,1.99,557,4374.0,1
505,2011.0,4.37,83085,160.38,96.228,0.99,558,4374.0,1
506,1998.0,3.81,80577,320.39,192.234,1.99,561,4347.0,1
507,1976.0,3.79,92980,642.39,385.434,3.99,561,4347.0,1
508,2009.0,3.28,103995,615.02,369.012,3.82,562,4347.0,0
509,2013.0,3.8,81616,478.4,287.04,2.99,565,4320.0,1
510,1947.5,4.18,74642,1438.4,863.04,8.99,565,4320.0,1
511,1987.0,3.97,89569,478.4,0.0,2.99,566,4320.0,1
512,2008.0,4.1,91831,478.4,0.0,2.99,567,4320.0,1
513,2015.0,3.89,74199,1598.4,959.04,9.99,568,4320.0,1
514,2014.0,4.1,97058,475.41,0.0,2.99,570,4293.0,1
515,2015.0,3.85,94231,157.41,0.0,0.99,571,4293.0,1
516,2012.0,4.24,85136,475.41,0.0,2.99,572,4293.0,1
517,1997.0,4.07,45382,634.41,380.646,3.99,572,4293.0,1
518,2005.0,4.17,95950,314.42,188.652,1.99,574,4266.0,1
519,2008.0,3.96,99638,1136.02,681.612,7.19,575,4266.0,1
520,1998.0,3.88,84367,472.42,283.452,2.99,576,4266.0,1
521,2009.0,3.96,90138,1420.42,852.252,8.99,577,4266.0,1
522,2004.0,3.98,84957,469.43,0.0,2.99,578,4239.0,1
523,2012.0,3.56,109290,155.43,0.0,0.99,580,4239.0,1
524,1981.0,3.99,75502,1474.23,884.538,9.39,581,4239.0,1
525,2004.0,3.86,82535,154.44,0.0,0.99,585,4212.0,1
526,1999.0,3.83,80377,778.44,467.064,4.99,585,4212.0,1
527,1947.5,4.03,93963,669.24,401.544,4.29,586,4212.0,1
528,1998.0,3.97,94478,2106.45,1263.87,13.59,589,4185.0,1
529,2007.0,4.07,80434,618.45,0.0,3.99,589,4185.0,1
530,1958.0,3.97,105770,1230.46,738.276,7.99,591,4158.0,1
531,2015.0,3.85,111044,614.46,0.0,3.99,592,4158.0,1
532,2002.0,3.77,88139,460.46,0.0,2.99,594,4158.0,1
533,1947.5,3.98,93134,768.46,0.0,4.99,594,4158.0,1
534,2015.0,4.21,66979,1167.32,700.392,7.58,595,4158.0,1
535,2009.0,3.96,104730,610.47,0.0,3.99,596,4131.0,1
536,1998.0,4.17,106871,151.47,90.882,0.99,597,4131.0,1
537,1996.0,4.06,80906,151.47,0.0,0.99,598,4131.0,1
538,2009.0,3.95,85006,1176.57,705.942,7.69,600,4131.0,1
539,2006.0,4.14,110812,1618.8,971.28,10.65,601,4104.0,1
540,1995.0,4.1,83235,1111.12,666.672,7.31,603,4104.0,1
541,2010.0,3.73,83461,910.48,546.288,5.99,603,4104.0,1
542,1947.5,3.76,91323,149.49,0.0,0.99,605,4077.0,1
543,1959.0,4.16,72493,151.0,90.6,1.0,607,4077.0,1
544,1992.0,3.81,71053,661.38,396.828,4.38,608,4077.0,1
545,2016.0,3.45,79762,1508.49,905.094,9.99,608,4077.0,0
546,2001.0,3.99,101016,1125.0,675.0,7.5,610,4050.0,1
547,2001.0,3.98,75665,598.5,0.0,3.99,611,4050.0,1
548,1993.0,3.6,72675,594.51,356.706,3.99,615,4023.0,1
549,2012.0,4.02,102012,594.51,356.706,3.99,615,4023.0,1
550,2012.0,4.29,71971,1488.51,893.106,9.99,616,4023.0,1
551,2013.0,3.82,67873,594.51,0.0,3.99,616,4023.0,1
552,1999.0,3.77,77462,1427.42,856.452,9.58,617,4023.0,1
553,1947.5,3.76,83066,1144.04,686.424,7.73,619,3996.0,1
554,2004.0,3.43,67438,146.52,0.0,0.99,620,3996.0,0
555,1993.0,4.02,104252,442.52,0.0,2.99,622,3996.0,1
556,2002.0,4.09,93119,145.53,87.318,0.99,624,3969.0,1
557,1947.5,3.92,87427,1997.73,1198.638,13.59,624,3969.0,1
558,1987.0,4.0,88673,145.53,0.0,0.99,625,3969.0,1
559,2000.0,4.13,75469,439.53,0.0,2.99,625,3969.0,1
560,1993.0,4.11,83695,439.53,263.718,2.99,626,3969.0,1
561,2013.0,3.98,56315,1074.57,644.742,7.31,627,3969.0,1
562,2011.0,4.02,101234,675.98,405.588,4.63,628,3942.0,1
563,1947.5,3.76,81102,582.54,0.0,3.99,629,3942.0,1
564,2006.0,3.89,94282,1097.92,658.752,7.52,629,3942.0,1
565,2004.0,4.02,74511,1166.54,699.924,7.99,630,3942.0,1
566,2004.0,3.91,67937,1251.22,750.732,8.57,631,3942.0,1
567,2012.0,4.14,71276,144.54,0.0,0.99,631,3942.0,1
568,1947.5,4.31,39863,665.55,399.33,4.59,632,3915.0,1
569,1979.0,4.27,74052,723.55,0.0,4.99,632,3915.0,1
570,2008.0,3.91,86471,990.35,594.21,6.83,634,3915.0,1
571,2003.0,4.01,70550,1448.55,869.13,9.99,635,3915.0,1
572,2001.0,4.15,77538,868.55,521.13,5.99,636,3915.0,1
573,2015.0,3.76,75320,1134.72,680.832,7.88,637,3888.0,1
574,1969.0,3.86,82580,570.57,0.0,3.99,641,3861.0,1
575,1947.5,4.28,75031,1428.57,857.142,9.99,642,3861.0,1
576,2004.0,3.76,77592,1072.5,643.5,7.5,645,3861.0,1
577,1947.5,4.28,90999,708.58,0.0,4.99,646,3834.0,1
578,2009.0,4.34,82399,1560.58,936.348,10.99,647,12453.75,1
579,2014.0,4.33,81707,969.86,581.916,6.83,649,12453.75,1
580,1999.0,3.41,78132,562.59,0.0,3.99,651,12453.75,0
581,1947.5,4.21,97049,139.59,83.754,0.99,652,12453.75,1
582,1947.5,4.05,65362,1030.71,618.426,7.31,652,12453.75,1
583,1947.5,4.13,95274,562.59,0.0,3.99,653,12453.75,1
584,2011.0,3.89,72713,558.6,0.0,3.99,655,12453.75,1
585,2010.0,4.0,62784,418.6,251.16,2.99,658,12453.75,1
586,1995.0,3.72,83389,1398.6,839.16,9.99,658,12453.75,1
587,2013.0,3.74,100593,698.6,0.0,4.99,659,12453.75,1
588,1996.0,4.0,86421,137.61,0.0,0.99,661,12453.75,1
589,1947.5,4.05,88508,693.61,0.0,4.99,663,12453.75,1
590,1985.0,4.18,71095,725.88,435.528,5.26,665,12453.75,1
591,2012.0,4.22,107569,1516.62,909.972,10.99,666,12453.75,1
592,1985.0,3.93,82320,957.72,574.632,6.94,668,12453.75,1
593,2002.0,3.73,66713,1094.63,656.778,7.99,671,12453.75,1
594,2009.0,3.42,67866,836.4,501.84,6.15,675,12453.75,0
595,2005.0,4.1,89733,1225.36,0.0,9.01,675,12453.75,1
596,2002.0,4.3,91012,542.64,0.0,3.99,676,12453.75,1
597,1968.0,4.1,95378,133.65,0.0,0.99,679,12453.75,1
598,2007.0,3.81,108399,538.65,0.0,3.99,680,12453.75,1
599,2014.0,4.3,107583,808.65,485.19,5.99,681,12453.75,1
600,1998.0,3.95,84770,873.68,524.208,6.52,682,12453.75,1
601,1977.0,3.82,80959,1191.26,714.756,8.89,684,12453.75,1
602,1992.0,3.88,83741,663.67,0.0,4.99,688,12453.75,1
603,2012.0,4.22,91213,530.67,0.0,3.99,689,12453.75,1
604,1947.5,3.85,73140,397.67,238.602,2.99,690,12453.75,1
605,2009.0,3.93,71515,394.68,0.0,2.99,692,12453.75,1
606,2003.0,4.04,94437,394.68,0.0,2.99,692,12453.75,1
607,2001.0,4.11,78070,394.68,236.808,2.99,693,12453.75,1
608,1987.0,3.48,89262,790.68,0.0,5.99,693,12453.75,0
609,2010.0,3.96,109881,526.68,0.0,3.99,693,12453.75,1
610,2010.0,3.86,93625,130.68,78.408,0.99,694,12453.75,1
611,1999.0,4.25,72683,327.36,196.416,2.48,694,12453.75,1
612,2013.0,4.05,111668,394.68,0.0,2.99,695,12453.75,1
613,2000.0,3.98,78529,260.69,156.414,1.99,696,12453.75,1
614,1996.0,3.7,77251,1395.15,837.09,10.65,698,12453.75,1
615,1993.0,3.98,77277,129.69,77.814,0.99,699,12453.75,1
616,2010.0,3.84,95447,260.69,156.414,1.99,700,12453.75,1
617,2011.0,3.91,44097,492.7,295.62,3.79,701,12453.75,1
618,2005.0,3.68,79662,258.7,155.22,1.99,703,12453.75,1
619,1995.0,4.15,72481,1656.2,993.72,12.74,704,12453.75,1
620,2000.0,4.18,99329,514.71,0.0,3.99,705,12453.75,1
621,2012.0,3.85,72277,127.71,0.0,0.99,707,12453.75,1
622,2006.0,4.08,78523,127.71,76.626,0.99,707,12453.75,1
623,2003.0,4.24,66406,127.71,0.0,0.99,708,12453.75,1
624,2003.0,3.99,86062,127.71,0.0,0.99,709,12453.75,1
625,2007.0,3.91,71023,885.76,531.456,6.92,710,12453.75,1
626,1981.0,3.85,70241,888.32,532.992,6.94,710,12453.75,1
627,1958.0,4.33,77258,1470.72,882.432,11.49,711,12453.75,1
628,1994.0,4.07,80056,787.2,472.32,6.15,712,12453.75,1
629,1947.5,4.04,84489,126.72,76.032,0.99,713,12453.75,1
630,1947.5,4.02,81598,1153.28,691.968,9.01,713,12453.75,1
631,2011.0,3.72,74358,843.28,505.968,6.64,714,12453.75,1
632,2000.0,3.83,101325,1395.73,837.438,10.99,716,12453.75,1
633,2012.0,3.95,72328,125.73,75.438,0.99,716,12453.75,1
634,2013.0,4.19,106236,506.73,0.0,3.99,717,12453.75,1
635,2009.0,4.11,82518,502.74,0.0,3.99,719,12453.75,1
636,1947.5,4.06,74130,124.74,0.0,0.99,720,12453.75,1
637,1982.0,4.01,69975,1198.75,719.25,9.59,724,12453.75,1
638,2012.0,4.33,111448,1127.5,676.5,9.02,725,12453.75,1
639,2013.0,4.28,109183,122.76,73.656,0.99,728,12453.75,1
640,2003.0,3.79,78129,370.76,0.0,2.99,730,12453.75,1
641,2005.0,4.04,95638,121.77,73.062,0.99,733,12453.75,1
642,2015.0,3.73,53751,121.77,73.062,0.99,736,12453.75,1
643,2016.0,3.49,76761,974.78,584.868,7.99,737,12453.75,0
644,2003.0,4.18,92952,120.78,72.468,0.99,738,12453.75,1
645,2001.0,4.19,86103,1096.78,658.068,8.99,739,12453.75,1
646,2010.0,3.93,66381,486.78,292.068,3.99,740,12453.75,1
647,1947.5,3.84,84682,966.79,580.074,7.99,741,12453.75,1
648,1966.0,4.17,80366,930.49,558.294,7.69,743,12453.75,1
649,2010.0,4.17,35283,119.79,71.874,0.99,743,12453.75,1
650,1999.0,4.17,92737,671.55,402.93,5.55,745,12453.75,1
651,2013.0,3.9,75018,118.8,0.0,0.99,746,12453.75,1
652,2010.0,4.42,82565,118.8,71.28,0.99,748,12453.75,1
653,1947.5,3.83,79008,118.8,71.28,0.99,750,12453.75,1
654,1984.0,3.99,82281,950.81,570.486,7.99,751,12453.75,1
655,1947.5,3.67,90032,117.81,70.686,0.99,752,12453.75,1
656,2011.0,3.88,64637,912.73,547.638,7.67,753,12453.75,1
657,2007.0,3.84,66129,355.81,0.0,2.99,757,12453.75,1
658,1996.0,3.77,52031,117.81,0.0,0.99,759,12453.75,1
659,2011.0,3.99,75541,712.81,427.686,5.99,760,12453.75,1
660,1970.0,3.96,76925,117.81,70.686,0.99,760,12453.75,1
661,2011.0,4.36,87718,236.81,142.086,1.99,761,12453.75,1
662,1996.0,3.79,83351,712.81,427.686,5.99,762,12453.75,1
663,2009.0,4.14,78592,474.81,0.0,3.99,764,12453.75,1
664,2012.0,3.91,67928,355.81,0.0,2.99,764,12453.75,1
665,1973.0,4.07,87277,355.81,0.0,2.99,765,12453.75,1
666,2012.0,4.18,81621,1188.81,713.286,9.99,765,12453.75,1
667,2015.0,4.27,66782,355.81,213.486,2.99,766,12453.75,1
668,2003.0,4.12,81326,117.81,0.0,0.99,767,12453.75,1
669,2011.0,4.2,72185,593.81,0.0,4.99,768,12453.75,1
670,2011.0,3.77,87066,117.81,70.686,0.99,770,12453.75,1
671,1985.0,3.9,80075,784.21,470.526,6.59,770,12453.75,1
672,2012.0,4.34,108884,1082.9,649.74,9.1,770,12453.75,1
673,1947.5,3.62,84778,117.81,70.686,0.99,772,12453.75,1
674,1985.0,4.15,63764,117.81,70.686,0.99,773,12453.75,1
675,1994.0,3.57,62106,915.11,549.066,7.69,775,12453.75,1
676,1947.5,3.92,78355,355.81,0.0,2.99,779,12453.75,1
677,1990.0,3.9,76376,640.22,384.132,5.38,779,12453.75,1
678,2012.0,3.81,91630,1307.81,784.686,10.99,781,12453.75,1
679,1947.5,4.21,99918,117.81,70.686,0.99,782,12453.75,1
680,1947.5,4.15,82102,593.81,0.0,4.99,783,12453.75,1
681,2013.0,3.71,59973,355.81,0.0,2.99,783,12453.75,1
682,1996.0,3.74,74517,1022.21,613.326,8.59,784,12453.75,1
683,1947.5,3.74,76791,117.81,0.0,0.99,786,12453.75,1
684,1998.0,3.94,84358,355.81,213.486,2.99,786,12453.75,1
685,2003.0,4.15,75307,950.81,570.486,7.99,787,12453.75,1
686,1990.0,4.1,79824,357.54,214.524,3.03,789,12453.75,1
687,1986.0,4.24,71815,352.82,0.0,2.99,791,12453.75,1
688,2012.0,4.21,97615,116.82,70.092,0.99,792,12453.75,1
689,2015.0,3.56,66085,862.58,517.548,7.31,792,12453.75,1
690,1998.0,3.83,73515,862.58,517.548,7.31,794,12453.75,1
691,1947.5,3.88,89033,352.82,211.692,2.99,797,12453.75,1
692,1953.0,4.39,72311,1060.82,636.492,8.99,797,12453.75,1
693,1999.0,4.06,32626,352.82,0.0,2.99,798,12453.75,1
694,2000.0,3.97,99311,116.82,0.0,0.99,799,12453.75,1
695,2001.0,4.15,94506,1320.42,792.252,11.19,800,12453.75,1
696,2009.0,4.16,95026,761.1,456.66,6.45,802,12453.75,1
697,2003.0,4.32,83664,654.9,392.94,5.55,802,12453.75,1
698,1993.0,4.22,87423,116.82,70.092,0.99,803,12453.75,1
699,2007.0,4.27,68865,116.82,70.092,0.99,804,12453.75,1
700,2007.0,3.73,72734,824.82,494.892,6.99,804,12453.75,1
701,2002.0,4.17,93057,1060.82,636.492,8.99,805,12453.75,1
702,2001.0,3.94,89733,706.82,424.092,5.99,808,12453.75,1
703,1973.0,3.99,72493,502.68,301.608,4.26,809,12453.75,1
704,1980.0,4.35,76440,1131.62,678.972,9.59,810,12453.75,1
705,2005.0,3.59,68861,234.82,140.892,1.99,810,12453.75,1
706,1987.0,4.13,73573,588.82,0.0,4.99,811,12453.75,1
707,2006.0,4.16,59333,1680.32,1008.192,14.24,811,12453.75,1
708,1981.0,3.95,56200,1128.08,676.848,9.56,813,12453.75,1
709,1947.5,4.22,65422,352.82,211.692,2.99,814,12453.75,1
710,2011.0,4.02,71868,872.02,523.212,7.39,816,12453.75,1
711,2013.0,3.82,62231,470.82,282.492,3.99,818,12453.75,1
712,2004.0,4.2,83085,824.82,494.892,6.99,818,12453.75,1
713,2009.0,3.98,87665,352.82,0.0,2.99,819,12453.75,1
714,2000.0,3.71,69351,942.82,565.692,7.99,820,12453.75,1
715,1997.0,4.18,67125,470.82,0.0,3.99,821,12453.75,1
716,1967.0,3.96,78766,588.82,0.0,4.99,823,12453.75,1
717,1984.0,4.12,79508,234.82,140.892,1.99,823,12453.75,1
718,1998.0,3.9,74815,234.82,140.892,1.99,824,12453.75,1
719,1958.0,3.94,62454,725.7,435.42,6.15,825,12453.75,1
720,2010.0,4.21,92922,466.83,0.0,3.99,826,12453.75,1
721,2012.0,3.97,69596,934.83,560.898,7.99,827,12453.75,1
722,1947.5,4.05,82706,349.83,209.898,2.99,830,12453.75,1
723,2007.0,4.23,68255,349.83,209.898,2.99,831,12453.75,1
724,1984.0,3.57,81579,115.83,0.0,0.99,832,12453.75,1
725,2008.0,4.28,68063,232.83,139.698,1.99,832,12453.75,1
726,2007.0,4.18,106608,232.83,139.698,1.99,834,12453.75,1
727,1980.0,3.94,82458,855.27,513.162,7.31,836,12453.75,1
728,2003.0,4.29,80740,1519.83,911.898,12.99,836,12453.75,1
729,2002.0,3.82,68676,466.83,0.0,3.99,837,12453.75,1
730,1987.0,3.92,72714,700.83,420.498,5.99,837,12453.75,1
731,1976.0,3.9,74133,115.83,0.0,0.99,838,12453.75,1
732,2011.0,4.2,68416,1689.48,1013.688,14.44,840,12453.75,1
733,2015.0,4.6,99067,349.83,209.898,2.99,841,12453.75,1
734,1991.0,4.41,90147,583.83,350.298,4.99,842,12453.75,1
735,1962.0,4.13,81914,1170.0,702.0,10.0,843,12453.75,1
736,2003.0,4.16,86963,1402.83,841.698,11.99,844,12453.75,1
737,2012.0,3.86,68224,115.83,0.0,0.99,845,12453.75,1
738,1994.0,4.1,72207,349.83,0.0,2.99,846,12453.75,1
739,1999.0,3.82,62229,1084.59,650.754,9.27,846,12453.75,1
740,2012.0,3.81,61135,232.83,139.698,1.99,848,12453.75,1
741,2003.0,3.86,79117,466.83,0.0,3.99,852,12453.75,1
742,2004.0,4.04,91390,349.83,0.0,2.99,852,12453.75,1
743,1986.0,4.36,81553,466.83,0.0,3.99,853,12453.75,1
744,2009.0,4.42,68854,1391.13,834.678,11.89,854,12453.75,1
745,2011.0,4.06,99942,232.83,139.698,1.99,857,12453.75,1
746,1988.0,4.1,67128,799.11,479.466,6.83,859,12453.75,1
747,2005.0,4.12,71379,349.83,0.0,2.99,860,12453.75,1
748,2002.0,3.81,75275,583.83,350.298,4.99,862,12453.75,1
749,1947.5,3.81,75051,114.84,0.0,0.99,863,12453.75,1
750,2012.0,3.75,66720,624.08,374.448,5.38,865,12453.75,1
751,2004.0,3.68,64278,694.84,0.0,5.99,866,12453.75,1
752,1992.0,3.97,63304,892.04,535.224,7.69,867,12453.75,1
753,2010.0,4.14,80367,346.84,0.0,2.99,868,12453.75,1
754,2012.0,4.08,93818,462.84,0.0,3.99,869,12453.75,1
755,2001.0,3.85,90908,114.84,68.904,0.99,869,12453.75,1
756,1977.0,4.26,77206,1158.84,695.304,9.99,871,12453.75,1
757,1979.0,4.11,71775,462.84,277.704,3.99,871,12453.75,1
758,2001.0,4.01,90071,230.84,138.504,1.99,873,12453.75,1
759,2004.0,3.9,79746,462.84,277.704,3.99,877,12453.75,1
760,2007.0,4.3,97830,694.84,0.0,5.99,879,12453.75,1
761,2005.0,4.25,72797,770.24,462.144,6.64,879,12453.75,1
762,2007.0,4.14,87335,114.84,68.904,0.99,881,12453.75,1
763,2007.0,3.96,64347,694.84,416.904,5.99,883,12453.75,1
764,2013.0,4.21,97616,114.84,68.904,0.99,884,12453.75,1
765,2004.0,3.69,65397,114.84,68.904,0.99,885,12453.75,1
766,2012.0,3.8,89356,114.84,0.0,0.99,886,12453.75,1
767,2004.0,4.09,69058,810.84,486.504,6.99,886,12453.75,1
768,1980.0,4.04,56802,346.84,0.0,2.99,887,12453.75,1
769,2004.0,4.12,68480,114.84,0.0,0.99,890,12453.75,1
770,2005.0,3.77,65428,114.84,68.904,0.99,892,12453.75,1
771,2011.0,3.78,94176,462.84,0.0,3.99,892,12453.75,1
772,1978.0,4.03,61238,1042.84,625.704,8.99,893,12453.75,1
773,2004.0,4.33,79627,1041.68,625.008,8.98,894,12453.75,1
774,1947.5,4.09,92916,1506.84,904.104,12.99,894,12453.75,1
775,2013.0,3.3,60323,784.16,470.496,6.76,897,12453.75,0
776,2011.0,3.73,70446,346.84,0.0,2.99,898,12453.75,1
777,2016.0,4.72,108384,1158.84,695.304,9.99,900,12453.75,1
778,2010.0,3.84,60409,926.84,556.104,7.99,900,12453.75,1
779,2008.0,4.11,60126,458.85,0.0,3.99,903,12453.75,1
780,1998.0,3.5,71777,1367.35,820.41,11.89,904,12453.75,1
781,1985.0,3.86,55678,573.85,0.0,4.99,905,12453.75,1
782,1992.0,4.42,66079,343.85,0.0,2.99,907,2943.0,1
783,1947.5,3.97,64162,1033.85,620.31,8.99,909,2943.0,1
784,2003.0,4.06,70454,343.85,0.0,2.99,909,2943.0,1
785,2008.0,3.6,70382,343.85,0.0,2.99,910,2943.0,1
786,2000.0,3.73,67768,573.85,0.0,4.99,911,2916.0,1
787,1971.0,4.01,59295,343.85,206.31,2.99,913,2916.0,1
788,1992.0,3.97,68451,458.85,0.0,3.99,914,2916.0,1
789,1947.5,4.46,66857,1263.85,758.31,10.99,914,2916.0,1
790,1997.0,4.42,67047,458.85,0.0,3.99,915,2916.0,1
791,1968.0,4.18,76277,343.85,0.0,2.99,916,2916.0,1
792,2005.0,3.8,86805,343.85,206.31,2.99,917,2916.0,1
793,2000.0,3.89,81945,458.85,0.0,3.99,918,2916.0,1
794,2008.0,4.05,72480,803.85,482.31,6.99,920,2916.0,1
795,2015.0,4.07,61439,930.35,558.21,8.09,921,2916.0,1
796,1947.5,3.94,67107,113.85,68.31,0.99,922,2916.0,1
797,2013.0,4.23,49740,573.85,344.31,4.99,924,2916.0,1
798,1956.0,4.14,71968,1269.6,761.76,11.04,926,2916.0,1
799,1997.0,3.95,63324,884.35,530.61,7.69,927,2916.0,1
800,2011.0,4.26,71816,113.85,68.31,0.99,930,2916.0,1
801,1992.0,3.96,72426,573.85,344.31,4.99,931,2916.0,1
802,2003.0,3.96,70335,573.85,344.31,4.99,933,2916.0,1
803,2011.0,3.37,66104,113.85,0.0,0.99,936,2916.0,0
804,2005.0,4.16,96417,343.85,0.0,2.99,937,2916.0,1
805,2007.0,4.33,97514,910.86,546.516,7.99,938,2916.0,1
806,2004.0,4.36,75186,1366.86,820.116,11.99,939,2916.0,1
807,1947.5,4.37,63530,1366.86,820.116,11.99,941,2916.0,1
808,1980.0,3.92,82062,340.86,204.516,2.99,943,2916.0,1
809,2005.0,4.43,78123,568.86,0.0,4.99,944,2916.0,1
810,2015.0,4.46,57614,112.86,0.0,0.99,946,2916.0,1
811,2002.0,4.47,71271,910.86,546.516,7.99,947,2916.0,1
812,1986.0,3.94,75196,112.86,67.716,0.99,949,2916.0,1
813,2009.0,3.82,65277,876.66,525.996,7.69,950,2916.0,1
814,2015.0,3.95,60737,226.86,0.0,1.99,952,2916.0,1
815,2008.0,4.26,65068,568.86,341.316,4.99,952,2916.0,1
816,2014.0,3.75,53662,568.86,0.0,4.99,953,2916.0,1
817,1954.0,4.16,80883,112.86,67.716,0.99,955,2916.0,1
818,2006.0,4.16,37792,226.86,136.116,1.99,956,2889.0,1
819,2001.0,4.29,78903,876.66,525.996,7.69,957,2889.0,1
820,2006.0,4.16,90157,340.86,204.516,2.99,958,2889.0,1
821,2007.0,4.37,74378,1366.86,820.116,11.99,960,2889.0,1
822,2015.0,4.49,100464,397.86,0.0,3.49,961,2889.0,1
823,1947.5,3.94,80299,568.86,341.316,4.99,963,2889.0,1
824,2012.0,4.4,67264,340.86,0.0,2.99,963,2889.0,1
825,2008.0,4.27,64416,454.86,272.916,3.99,966,2889.0,1
826,1947.5,3.98,67777,856.14,513.684,7.51,967,2889.0,1
827,2005.0,4.2,63335,340.86,204.516,2.99,968,2889.0,1
828,2012.0,4.28,82757,345.42,0.0,3.03,968,2889.0,1
829,2008.0,3.93,73807,844.74,506.844,7.41,969,2889.0,1
830,2006.0,3.93,69948,228.0,0.0,2.0,970,2889.0,1
831,2000.0,3.92,71355,597.36,358.416,5.24,970,2889.0,1
832,2006.0,4.41,75133,778.62,467.172,6.83,971,2889.0,1
833,1947.5,4.17,65900,910.86,546.516,7.99,971,2889.0,1
834,1947.5,3.97,67643,454.86,0.0,3.99,972,2889.0,1
835,2014.0,3.94,78314,454.86,0.0,3.99,973,2889.0,1
836,1958.0,4.08,76911,746.7,448.02,6.55,973,2889.0,1
837,1992.0,4.27,72588,1220.4,732.24,10.8,977,2889.0,1
838,1999.0,3.89,73000,431.66,258.996,3.82,980,2889.0,1
839,2006.0,4.12,48305,902.87,541.722,7.99,981,2889.0,1
840,2007.0,4.1,61496,563.87,0.0,4.99,982,2889.0,1
841,2012.0,3.8,53187,1128.87,677.322,9.99,984,2889.0,1
842,1980.0,3.89,77046,450.87,0.0,3.99,985,2889.0,1
843,2012.0,4.5,68410,450.87,0.0,3.99,986,2889.0,1
844,2012.0,3.58,82270,1241.87,745.122,10.99,988,2889.0,1
845,2010.0,4.16,68701,111.87,67.122,0.99,990,2889.0,1
846,2002.0,4.34,63691,169.5,101.7,1.5,992,2889.0,1
847,1998.0,3.84,71411,450.87,270.522,3.99,993,2862.0,1
848,2002.0,4.01,68834,1388.77,833.262,12.29,993,2862.0,1
849,1986.0,4.53,76785,111.87,67.122,0.99,994,2862.0,1
850,2001.0,3.92,85683,111.87,67.122,0.99,995,2862.0,1
851,1989.0,4.17,61842,111.87,0.0,0.99,996,2862.0,1
852,1978.0,4.14,74121,864.45,518.67,7.65,997,2862.0,1
853,1998.0,4.14,61498,1327.75,796.65,11.75,1000,2862.0,1
854,2014.0,3.81,53151,781.96,469.176,6.92,1001,2862.0,1
855,1998.0,3.86,67753,450.87,270.522,3.99,1001,2862.0,1
856,2010.0,4.1,59715,337.87,0.0,2.99,1004,2862.0,1
857,2004.0,3.85,63114,970.67,582.402,8.59,1005,2862.0,1
858,2003.0,3.6,58428,1015.87,609.522,8.99,1006,2862.0,1
859,2005.0,4.15,84363,846.37,507.822,7.49,1006,2862.0,1
860,2005.0,3.91,82291,789.87,473.922,6.99,1007,2862.0,1
861,2003.0,3.75,56548,111.87,67.122,0.99,1007,2862.0,1
862,1947.5,3.99,69087,224.87,134.922,1.99,1008,2862.0,1
863,2007.0,4.41,73534,111.87,67.122,0.99,1009,2862.0,1
864,2014.0,3.58,56344,224.87,134.922,1.99,1010,2862.0,1
865,1984.0,4.03,76219,992.14,595.284,8.78,1011,2862.0,1
866,2006.0,4.01,103844,282.5,169.5,2.5,1012,2862.0,1
867,2006.0,3.59,85873,110.88,66.528,0.99,1013,2862.0,1
868,2005.0,4.28,74156,838.88,503.328,7.49,1015,2862.0,1
869,2014.0,4.15,63027,334.88,0.0,2.99,1019,2862.0,1
870,1992.0,3.89,66049,670.88,0.0,5.99,1020,4480.0,1
871,1992.0,4.2,78487,334.88,200.928,2.99,1020,4480.0,1
872,2009.0,3.92,66287,334.88,200.928,2.99,1022,4480.0,1
873,2011.0,3.91,66591,110.88,0.0,0.99,1023,4480.0,1
874,2009.0,4.05,68597,894.88,536.928,7.99,1024,4480.0,1
875,2009.0,4.13,66577,334.88,0.0,2.99,1027,4480.0,1
876,2003.0,3.67,61835,670.88,402.528,5.99,1027,4480.0,1
877,2006.0,4.34,46551,446.88,0.0,3.99,1030,4440.0,1
878,2008.0,2.97,53331,894.88,536.928,7.99,1032,4440.0,0
879,1947.5,4.2,71354,842.24,505.344,7.52,1032,4440.0,1
880,1947.5,3.96,66194,334.88,0.0,2.99,1033,4440.0,1
881,2008.0,4.27,66390,1326.08,795.648,11.84,1033,4440.0,1
882,2011.0,4.01,74029,446.88,0.0,3.99,1034,4440.0,1
883,2003.0,3.8,62840,558.88,0.0,4.99,1035,4440.0,1
884,2011.0,4.04,86284,110.88,66.528,0.99,1036,4440.0,1
885,2012.0,4.36,86929,1230.88,738.528,10.99,1037,4440.0,1
886,2008.0,3.32,63342,558.88,335.328,4.99,1042,4440.0,0
887,1983.0,4.13,69616,334.88,0.0,2.99,1042,4440.0,1
888,2009.0,4.43,57279,838.88,503.328,7.49,1043,4440.0,1
889,1960.0,4.15,64391,334.88,200.928,2.99,1044,4440.0,1
890,2005.0,3.41,59843,446.88,268.128,3.99,1046,4440.0,0
891,1993.0,4.16,62330,670.88,0.0,5.99,1048,4400.0,1
892,1995.0,3.66,70921,222.88,133.728,1.99,1049,4400.0,1
893,1998.0,4.0,62128,334.88,200.928,2.99,1050,4400.0,1
894,2011.0,3.95,69709,222.88,133.728,1.99,1050,4400.0,1
895,1999.0,3.79,62405,109.89,0.0,0.99,1052,4400.0,1
896,2007.0,3.82,65005,331.89,0.0,2.99,1052,4400.0,1
897,2010.0,4.21,63347,1330.89,798.534,11.99,1053,4400.0,1
898,2008.0,4.29,64961,442.89,0.0,3.99,1054,4400.0,1
899,2005.0,3.39,59932,109.89,0.0,0.99,1055,4400.0,0
900,1986.0,4.11,73918,331.89,0.0,2.99,1056,4400.0,1
901,1947.5,3.51,56464,331.89,0.0,2.99,1057,4400.0,1
902,2016.0,3.67,90541,109.89,65.934,0.99,1058,4400.0,1
903,1947.5,3.69,67632,109.89,0.0,0.99,1058,4400.0,1
904,1979.0,4.18,66923,220.89,132.534,1.99,1059,4400.0,1
905,2004.0,3.64,69007,331.89,0.0,2.99,1059,4400.0,1
906,2010.0,4.13,93340,331.89,0.0,2.99,1060,4400.0,1
907,2000.0,3.92,57468,899.1,539.46,8.1,1061,4400.0,1
908,2012.0,3.64,61296,1314.24,788.544,11.84,1062,4400.0,1
909,2009.0,4.16,60002,220.89,132.534,1.99,1066,4400.0,1
910,2006.0,4.16,63100,1330.89,798.534,11.99,1066,4400.0,1
911,2014.0,3.56,27308,1225.44,735.264,11.04,1068,4360.0,1
912,2011.0,3.98,50158,109.89,65.934,0.99,1069,4360.0,1
913,1982.0,4.16,54140,196.47,0.0,1.77,1071,4360.0,1
914,2001.0,3.94,79264,109.89,0.0,0.99,1072,4360.0,1
915,2003.0,3.81,53384,109.89,0.0,0.99,1073,4360.0,1
916,1947.5,4.21,70704,637.14,382.284,5.74,1074,4360.0,1
917,1995.0,4.01,68011,858.03,514.818,7.73,1075,4360.0,1
918,1995.0,3.91,66947,442.89,0.0,3.99,1076,4360.0,1
919,2008.0,4.43,70029,1219.89,731.934,10.99,1077,4360.0,1
920,2009.0,4.43,57764,331.89,0.0,2.99,1078,4360.0,1
921,2005.0,4.01,82470,1414.14,848.484,12.74,1080,4360.0,1
922,2015.0,4.11,132552,331.89,0.0,2.99,1081,4360.0,1
923,1947.5,3.9,70079,331.89,0.0,2.99,1082,4360.0,1
924,2012.0,3.75,57078,109.89,65.934,0.99,1085,4360.0,1
925,2008.0,4.26,65638,548.9,0.0,4.99,1089,4360.0,1
926,1999.0,3.53,73093,1098.9,659.34,9.99,1090,4360.0,1
927,1994.0,3.95,57583,108.9,65.34,0.99,1091,4360.0,1
928,2004.0,3.81,62219,108.9,65.34,0.99,1091,4320.0,1
929,2000.0,4.05,58688,438.9,0.0,3.99,1093,4320.0,1
930,1947.5,4.32,56918,1230.9,738.54,11.19,1095,4320.0,1
931,2012.0,4.06,52765,108.9,65.34,0.99,1097,4320.0,1
932,1984.0,4.17,69134,438.9,0.0,3.99,1098,4320.0,1
933,2003.0,4.36,71353,108.9,0.0,0.99,1099,4320.0,1
934,1967.0,4.03,70701,218.9,131.34,1.99,1099,4320.0,1
935,1958.0,4.09,61256,438.9,0.0,3.99,1100,4320.0,1
936,2008.0,3.86,46225,1351.9,811.14,12.29,1101,4320.0,1
937,2004.0,3.95,55236,1208.9,725.34,10.99,1101,4320.0,1
938,1963.0,4.15,72329,878.9,527.34,7.99,1102,4320.0,1
939,2012.0,4.13,79461,108.9,65.34,0.99,1102,4320.0,1
940,2010.0,4.35,65091,328.9,0.0,2.99,1105,4320.0,1
941,2015.0,4.32,45492,603.9,362.34,5.49,1106,4320.0,1
942,2008.0,4.12,87432,988.9,593.34,8.99,1106,4320.0,1
943,2013.0,4.1,59650,438.9,0.0,3.99,1107,4320.0,1
944,2012.0,3.72,42958,1200.1,720.06,10.91,1107,4320.0,1
945,2003.0,4.0,81362,988.9,593.34,8.99,1111,4320.0,1
946,1947.5,4.0,67433,988.9,593.34,8.99,1112,4320.0,1
947,1947.5,4.12,72504,548.9,329.34,4.99,1118,4280.0,1
948,2004.0,4.12,70269,108.9,0.0,0.99,1119,4280.0,1
949,1983.0,4.27,85699,1867.8,1120.68,16.98,1119,4280.0,1
950,2009.0,3.23,63737,416.9,250.14,3.79,1120,4280.0,0
951,2014.0,3.79,51603,548.9,0.0,4.99,1120,4280.0,1
952,2009.0,4.38,84650,493.9,296.34,4.49,1123,4280.0,1
953,1990.0,4.18,63235,641.3,384.78,5.83,1124,4280.0,1
954,1987.0,3.75,61412,1088.91,653.346,9.99,1127,4280.0,1
955,1947.5,4.06,63050,216.91,130.146,1.99,1128,4280.0,1
956,1991.0,4.23,60193,434.91,260.946,3.99,1129,4280.0,1
957,1961.0,4.08,66360,1160.85,696.51,10.65,1130,4280.0,1
958,1947.5,4.19,74666,516.66,309.996,4.74,1131,4280.0,1
959,2015.0,4.03,36541,107.91,0.0,0.99,1131,4280.0,1
960,2009.0,3.77,58631,107.91,64.746,0.99,1132,4280.0,1
961,1947.5,4.21,60278,543.91,0.0,4.99,1132,4280.0,1
962,1956.0,4.06,69815,1502.02,901.212,13.78,1136,4280.0,1
963,2007.0,3.87,60869,107.91,64.746,0.99,1137,4280.0,1
964,2005.0,4.01,58841,107.91,0.0,0.99,1138,4280.0,1
965,2000.0,4.56,54977,325.91,0.0,2.99,1140,4280.0,1
966,1952.0,4.02,74820,706.32,423.792,6.48,1141,4240.0,1
967,1999.0,3.8,65063,216.91,130.146,1.99,1142,4240.0,1
968,2016.0,4.35,73745,1306.91,784.146,11.99,1144,4240.0,1
969,1982.0,3.94,55262,960.29,576.174,8.81,1147,4240.0,1
970,2003.0,3.83,69504,598.41,359.046,5.49,1148,4240.0,1
971,2012.0,4.21,85746,325.91,195.546,2.99,1148,4240.0,1
972,1984.0,4.24,48277,325.91,0.0,2.99,1148,4240.0,1
973,2006.0,4.32,60959,325.91,195.546,2.99,1149,4240.0,1
974,2012.0,4.26,83886,620.21,372.126,5.69,1150,4240.0,1
975,2005.0,3.56,50921,434.91,0.0,3.99,1151,4240.0,1
976,1952.0,4.08,52704,325.91,0.0,2.99,1152,4240.0,1
977,2015.0,3.65,67344,107.91,0.0,0.99,1153,4240.0,1
978,1947.5,3.94,60611,325.91,0.0,2.99,1154,4240.0,1
979,2006.0,4.4,65477,434.91,0.0,3.99,1155,4240.0,1
980,2014.0,3.92,57716,434.91,0.0,3.99,1156,4240.0,1
981,1947.5,4.15,39758,543.91,326.346,4.99,1156,4240.0,1
982,2010.0,4.41,82824,543.91,0.0,4.99,1160,109.0,1
983,1999.0,4.16,57259,107.91,0.0,0.99,1160,109.0,1
984,2006.0,4.2,58432,107.91,0.0,0.99,1161,109.0,1
985,2007.0,3.88,53586,761.91,0.0,6.99,1161,109.0,1
986,2012.0,3.98,56756,538.92,0.0,4.99,1164,108.0,1
987,1962.0,3.94,61678,646.92,388.152,5.99,1166,108.0,1
988,1995.0,4.19,61836,970.92,582.552,8.99,1167,108.0,1
989,1959.0,3.97,66721,106.92,0.0,0.99,1167,108.0,1
990,1947.5,3.6,67608,106.92,64.152,0.99,1167,108.0,1
991,2009.0,3.63,55459,1659.96,995.976,15.37,1168,108.0,1
992,2011.0,3.81,84776,412.56,0.0,3.82,1169,108.0,1
993,2016.0,3.99,80737,430.92,0.0,3.99,1169,108.0,1
994,2003.0,3.82,61361,430.92,0.0,3.99,1170,108.0,1
995,1947.5,3.21,68448,1186.92,712.152,10.99,1173,108.0,0
996,2014.0,4.17,60236,1150.2,690.12,10.65,1174,108.0,1
997,1999.0,3.85,57993,430.92,0.0,3.99,1175,108.0,1
998,2006.0,3.51,51461,1327.32,796.392,12.29,1179,108.0,1
999,1978.0,4.13,75851,322.92,0.0,2.99,1182,108.0,1
1000,2003.0,3.99,66823,322.92,0.0,2.99,1183,108.0,1
1001,2011.0,3.76,62494,516.24,309.744,4.78,1184,108.0,1
1002,1992.0,3.7,67267,214.92,128.952,1.99,1186,108.0,1
1003,2005.0,4.02,58973,139.32,83.592,1.29,1187,108.0,1
1004,2006.0,4.16,75436,748.44,449.064,6.93,1190,108.0,1
1005,1996.0,3.98,60624,106.92,64.152,0.99,1192,108.0,1
1006,2006.0,3.84,62135,646.92,388.152,5.99,1193,108.0,1
1007,2015.0,3.4,42339,1186.92,712.152,10.99,1194,108.0,0
1008,2016.0,4.04,72052,538.92,0.0,4.99,1195,108.0,1
1009,2007.0,3.91,76598,106.92,64.152,0.99,1196,108.0,1
1010,2011.0,4.24,82373,430.92,0.0,3.99,1196,108.0,1
1011,2012.0,3.77,84438,538.92,323.352,4.99,1197,108.0,1
1012,2012.0,3.79,48286,322.92,193.752,2.99,1198,108.0,1
1013,1999.0,3.83,50422,1078.92,647.352,9.99,1198,108.0,1
1014,1947.5,4.36,69102,214.92,0.0,1.99,1199,108.0,1
1015,2010.0,4.24,58906,430.92,0.0,3.99,1199,108.0,1
1016,2004.0,3.1,62760,322.92,0.0,2.99,1199,108.0,0
1017,1970.0,4.18,70119,322.92,193.752,2.99,1200,108.0,1
1018,2002.0,3.97,83981,105.93,0.0,0.99,1201,107.0,1
1019,2010.0,3.91,75834,854.93,512.958,7.99,1201,107.0,1
1020,2016.0,3.93,57865,919.13,551.478,8.59,1201,107.0,1
1021,1974.0,4.3,58372,105.93,63.558,0.99,1203,107.0,1
1022,1995.0,4.16,73883,426.93,256.158,3.99,1206,107.0,1
1023,2006.0,4.24,63838,1272.23,763.338,11.89,1207,107.0,1
1024,1947.5,3.72,60346,640.93,0.0,5.99,1212,107.0,1
1025,2012.0,4.34,92014,105.93,0.0,0.99,1213,107.0,1
1026,2008.0,4.08,55398,408.74,0.0,3.82,1214,107.0,1
1027,2010.0,4.37,63756,319.93,0.0,2.99,1215,107.0,1
1028,2012.0,4.03,79360,1282.93,769.758,11.99,1216,107.0,1
1029,2010.0,3.89,45319,640.93,384.558,5.99,1217,107.0,1
1030,1957.0,4.03,59973,854.93,512.958,7.99,1217,107.0,1
1031,2015.0,4.25,72611,1175.93,705.558,10.99,1218,107.0,1
1032,2012.0,3.88,34789,105.93,0.0,0.99,1218,107.0,1
1033,1994.0,3.76,57818,854.93,512.958,7.99,1219,107.0,1
1034,2012.0,3.21,65906,426.93,256.158,3.99,1220,107.0,0
1035,1947.5,3.35,72421,405.53,243.318,3.79,1222,107.0,0
1036,1992.0,3.78,61347,324.21,194.526,3.03,1223,107.0,1
1037,2016.0,4.44,80433,747.93,448.758,6.99,1223,107.0,1
1038,1947.5,4.07,66537,951.23,570.738,8.89,1224,107.0,1
1039,1968.0,3.92,54848,319.93,0.0,2.99,1225,107.0,1
1040,1959.0,3.46,55473,529.65,317.79,4.95,1226,107.0,0
1041,1991.0,4.28,67753,426.93,0.0,3.99,1230,107.0,1
1042,2001.0,3.67,59974,105.93,0.0,0.99,1232,107.0,1
1043,1969.0,4.05,61888,822.83,493.698,7.69,1233,107.0,1
1044,2008.0,3.84,57632,1149.18,689.508,10.74,1235,107.0,1
1045,2010.0,4.03,60672,640.93,384.558,5.99,1236,107.0,1
1046,2014.0,4.4,56510,319.93,0.0,2.99,1237,107.0,1
1047,1987.0,4.04,58062,104.94,0.0,0.99,1238,106.0,1
1048,2010.0,3.81,55355,477.0,286.2,4.5,1241,106.0,1
1049,1947.5,3.69,69450,1588.94,953.364,14.99,1243,106.0,1
1050,1959.0,4.18,59963,212.0,0.0,2.0,1243,106.0,1
1051,1961.0,3.89,56550,735.64,441.384,6.94,1244,106.0,1
1052,2006.0,3.73,60372,846.94,508.164,7.99,1247,106.0,1
1053,1966.0,4.06,67077,1334.54,800.724,12.59,1248,106.0,1
1054,2011.0,3.91,85034,827.86,496.716,7.81,1249,106.0,1
1055,1996.0,3.91,52333,589.36,353.616,5.56,1251,106.0,1
1056,2010.0,3.92,54341,316.94,0.0,2.99,1253,106.0,1
1057,2012.0,3.65,65932,1058.94,635.364,9.99,1255,106.0,1
1058,2002.0,3.94,60932,316.94,190.164,2.99,1255,106.0,1
1059,1955.0,3.97,75987,740.94,444.564,6.99,1257,106.0,1
1060,1972.0,4.11,65626,210.94,0.0,1.99,1258,106.0,1
1061,1996.0,3.66,59229,104.94,0.0,0.99,1263,106.0,1
1062,1982.0,4.17,62432,815.14,489.084,7.69,1265,106.0,1
1063,2004.0,3.95,70737,846.94,508.164,7.99,1266,106.0,1
1064,1994.0,4.31,43927,316.94,0.0,2.99,1266,106.0,1
1065,2014.0,3.52,37379,104.94,62.964,0.99,1268,106.0,1
1066,1989.0,4.34,57312,846.94,508.164,7.99,1270,106.0,1
1067,1947.5,3.92,58742,846.94,508.164,7.99,1271,106.0,1
1068,2011.0,4.17,58028,104.94,62.964,0.99,1272,106.0,1
1069,1999.0,4.07,55251,316.94,0.0,2.99,1273,106.0,1
